{
    "State.Splash": "config/ui/layouts/State.Splash.json",
    "State.MainMenu": "config/ui/layouts/State.MainMenu.json",
    "State.About": "config/ui/layouts/State.About.json",
    "State.ConfirmQuit": "config/ui/layouts/State.ConfirmQuit.json",
    "State.ConfirmAbandon": "config/ui/layouts/State.ConfirmAbandon.json",
    "State.ConfirmOverwrite": "config/ui/layouts/State.ConfirmOverwrite.json",
    "State.Options": "config/ui/layouts/State.Options.json",
    "State.Start": "config/ui/layouts/State.Start.json",
    "State.LeavePlay": "config/ui/layouts/State.LeavePlay.json",
    "State.LoadGame": "config/ui/layouts/State.LoadGame.json",
    "State.SaveGame": "config/ui/layouts/State.SaveGame.json",
    "Sublayout.Modded":"config/ui/layouts/Sublayout.Modded.json",
    "State.Tip":"config/ui/layouts/State.Tip.json",
    "State.Statistics":"config/ui/layouts/State.Statistics.json",
    "Sublayout.UIHamburger":"config/ui/layouts/Sublayout.UIHamburger.json",
    "Sublayout.AtSeaStatistics":"config/ui/layouts/Sublayout.AtSeaStatistics.json",
    "Sublayout.AtSeaActions":"config/ui/layouts/Sublayout.AtSeaActions.json"
}