{
    "State.Splash": "config/ui/layouts/State.Splash.json",
    "State.MainMenu": "config/ui/layouts/State.MainMenu.json",
    "State.About": "config/ui/layouts/State.About.json",
    "State.ConfirmQuit": "config/ui/layouts/State.ConfirmQuit.json",
    "State.Options": "config/ui/layouts/State.Options.json",
    "State.Start": "config/ui/layouts/State.Start.json",
    "State.LeavePlay": "config/ui/layouts/State.LeavePlay.json",
    "Sublayout.Modded":"config/ui/layouts/Sublayout.Modded.json",
    "State.Tip":"config/ui/layouts/State.Tip.json",
    "State.InPlay.Board":"config/ui/layouts/State.InPlay.Board.json",
    "Sublayout.UIHamburger":"config/ui/layouts/Sublayout.UIHamburger.json"
}