[
    {
        "type": "Image",
        "sprite": "Background",
        "color": "White",
        "x": 0,
        "y": 0
    },
    {
        "type": "Text",
        "font": "default",
        "color": "LightGreen",
        "text": "==MAIN MENU==",
        "x": 320,
        "y": 8,
        "horizontal-alignment": 0,
        "drop-shadow": true,
        "drop-shadow-color": "Black",
        "drop-shadow-x": 2,
        "drop-shadow-y": 2
    },
    {
        "type": "Menu",
        "menu-id": "Main",
        "index": 0,
        "font": "default",
        "colors": {
            "active": "Cyan",
            "inactive": "Gray"
        },
        "horizontal-alignment": 0,
        "drop-shadow": true,
        "drop-shadow-color": "Black",
        "drop-shadow-x": 2,
        "drop-shadow-y": 2,
        "menu-items": [
            {
                "text": "Start",
                "menu-item-id": "Start",
                "x": 320,
                "y": 32
            },
            {
                "text": "About",
                "menu-item-id": "About",
                "x": 320,
                "y": 48
            },
            {
                "text": "Options",
                "menu-item-id": "Options",
                "x": 320,
                "y": 64
            },
            {
                "text": "Quit",
                "menu-item-id": "Quit",
                "x": 320,
                "y": 80
            }
        ]
    },
    {
        "type":"Area",
        "area-id":"Start",
        "x":240,
        "y":32,
        "width":160,
        "height":16,
        "menu":{
            "menu-id":"Main",
            "menu-item-id":"Start"
        }
    },
    {
        "type":"Area",
        "area-id":"About",
        "x":240,
        "y":48,
        "width":160,
        "height":16,
        "menu":{
            "menu-id":"Main",
            "menu-item-id":"About"
        }
    },
    {
        "type":"Area",
        "area-id":"Options",
        "x":240,
        "y":64,
        "width":160,
        "height":16,
        "menu":{
            "menu-id":"Main",
            "menu-item-id":"Options"
        }
    },
    {
        "type":"Area",
        "area-id":"Quit",
        "x":240,
        "y":80,
        "width":160,
        "height":16,
        "menu":{
            "menu-id":"Main",
            "menu-item-id":"Quit"
        }
    },
    {
        "type": "Layout",
        "name": "Sublayout.Modded"
    }
]