[
    {
        "type": "Image",
        "sprite": "Background",
        "color": "White",
        "x": 0,
        "y": 0
    },
    {
        "type": "Text",
        "font": "default",
        "color": "LightGreen",
        "text": "==ABOUT==",
        "x": 320,
        "y": 8,
        "horizontal-alignment": 0,
        "drop-shadow": true,
        "drop-shadow-color": "Black",
        "drop-shadow-x": 2,
        "drop-shadow-y": 2
    },
    {
        "type": "Text",
        "font": "default",
        "color": "Gray",
        "text": "A Production of TheGrumpyGameDev",
        "x": 320,
        "y": 32,
        "horizontal-alignment": 0,
        "drop-shadow": true,
        "drop-shadow-color": "Black",
        "drop-shadow-x": 2,
        "drop-shadow-y": 2
    },
    {
        "type": "Layout",
        "name": "Sublayout.Modded"
    }
]