[
    {
        "type": "Image",
        "sprite": "Background",
        "color": "White",
        "x": 0,
        "y": 0
    },
    {
        "type": "Text",
        "font": "default",
        "color": "LightGreen",
        "text": "==START GAME==",
        "x": 320,
        "y": 8,
        "horizontal-alignment": 0,
        "drop-shadow": true,
        "drop-shadow-color": "Black",
        "drop-shadow-x": 2,
        "drop-shadow-y": 2
    },
    {
        "type": "Menu",
        "menu-id": "Start",
        "index": 0,
        "font": "default",
        "colors": {
            "active": "Cyan",
            "inactive": "Gray"
        },
        "horizontal-alignment": 0,
        "drop-shadow": true,
        "drop-shadow-color": "Black",
        "drop-shadow-x": 2,
        "drop-shadow-y": 2,
        "menu-items": [
            {
                "text": "New Game - Easy",
                "menu-item-id": "Easy",
                "x": 320,
                "y": 32
            },
            {
                "text": "New Game - Normal",
                "menu-item-id": "Normal",
                "x": 320,
                "y": 48
            },
            {
                "text": "New Game - Hard",
                "menu-item-id": "Hard",
                "x": 320,
                "y": 64
            },
            {
                "text": "New Game - HARDCORE",
                "menu-item-id": "Hardcore",
                "x": 320,
                "y": 80
            },
            {
                "text": "Back",
                "menu-item-id": "Back",
                "x": 320,
                "y": 96
            }
        ]
    },
    {
        "type":"Area",
        "area-id":"NewGameEasy",
        "x":0,
        "y":32,
        "width":640,
        "height":16,
        "menu":{
            "menu-id":"Start",
            "menu-item-id":"Easy"
        }
    },
    {
        "type":"Area",
        "area-id":"NewGameNormal",
        "x":0,
        "y":48,
        "width":640,
        "height":16,
        "menu":{
            "menu-id":"Start",
            "menu-item-id":"Normal"
        }
    },
    {
        "type":"Area",
        "area-id":"NewGameHard",
        "x":0,
        "y":64,
        "width":640,
        "height":16,
        "menu":{
            "menu-id":"Start",
            "menu-item-id":"Hard"
        }
    },
    {
        "type":"Area",
        "area-id":"NewGameHardcore",
        "x":0,
        "y":80,
        "width":640,
        "height":16,
        "menu":{
            "menu-id":"Start",
            "menu-item-id":"Hardcore"
        }
    },
    {
        "type":"Area",
        "area-id":"Back",
        "x":0,
        "y":96,
        "width":640,
        "height":16,
        "menu":{
            "menu-id":"Start",
            "menu-item-id":"Back"
        }
    },
    {
        "type": "Layout",
        "name": "Sublayout.Modded"
    }
]