[
    {
        "type": "Image",
        "sprite": "Background",
        "color": "White",
        "x": 0,
        "y": 0
    },
    {
        "type": "Text",
        "font": "default",
        "color": "LightGreen",
        "text": "==CONTINUE GAME==",
        "x": 320,
        "y": 8,
        "horizontal-alignment": 0,
        "drop-shadow": true,
        "drop-shadow-color": "Black",
        "drop-shadow-x": 2,
        "drop-shadow-y": 2
    },
    {
        "type": "Menu",
        "menu-id": "LoadGame",
        "index": 0,
        "font": "default",
        "colors": {
            "active": "Cyan",
            "inactive": "Gray"
        },
        "horizontal-alignment": 0,
        "drop-shadow": true,
        "drop-shadow-color": "Black",
        "drop-shadow-x": 2,
        "drop-shadow-y": 2,
        "menu-items": [
            {
                "menu-item-id":"Autosave",
                "text": "Autosave",
                "x": 320,
                "y": 32
            },
            {
                "menu-item-id":"Slot1",
                "text": "Slot 1",
                "x": 320,
                "y": 48
            },
            {
                "menu-item-id":"Slot2",
                "text": "Slot 2",
                "x": 320,
                "y": 64
            },
            {
                "menu-item-id":"Slot3",
                "text": "Slot 3",
                "x": 320,
                "y": 80
            },
            {
                "menu-item-id":"Slot4",
                "text": "Slot 4",
                "x": 320,
                "y": 96
            },
            {
                "menu-item-id":"Slot5",
                "text": "Slot 5",
                "x": 320,
                "y": 112
            },
            {
                "text": "Back",
                "menu-item-id":"Back",
                "x": 320,
                "y": 128
            }
        ]
    },
    {
        "type":"Area",
        "area-id": "Autosave",
        "x":0,
        "y":32,
        "width":640,
        "height":16,
        "menu":{
            "menu-id":"LoadGame",
            "menu-item-id":"Autosave"
        }
    },
    {
        "type":"Area",
        "area-id": "Slot1",
        "x":0,
        "y":48,
        "width":640,
        "height":16,
        "menu":{
            "menu-id":"LoadGame",
            "menu-item-id":"Slot1"
        }
    },
    {
        "type":"Area",
        "area-id": "Slot2",
        "x":0,
        "y":64,
        "width":640,
        "height":16,
        "menu":{
            "menu-id":"LoadGame",
            "menu-item-id":"Slot2"
        }
    },
    {
        "type":"Area",
        "area-id": "Slot3",
        "x":0,
        "y":80,
        "width":640,
        "height":16,
        "menu":{
            "menu-id":"LoadGame",
            "menu-item-id":"Slot3"
        }
    },
    {
        "type":"Area",
        "area-id": "Slot4",
        "x":0,
        "y":96,
        "width":640,
        "height":16,
        "menu":{
            "menu-id":"LoadGame",
            "menu-item-id":"Slot4"
        }
    },
    {
        "type":"Area",
        "area-id": "Slot5",
        "x":0,
        "y":112,
        "width":640,
        "height":16,
        "menu":{
            "menu-id":"LoadGame",
            "menu-item-id":"Slot5"
        }
    },
    {
        "type":"Area",
        "area-id": "Back",
        "x":0,
        "y":128,
        "width":640,
        "height":16,
        "menu":{
            "menu-id":"LoadGame",
            "menu-item-id":"Back"
        }
    },
    {
        "type": "Layout",
        "name": "Sublayout.Modded"
    }
]